accuracy,balanced_accuracy,precision,recall,specificity,f1,mcc,kappa,roc_auc,pr_auc,brier,tp,fp,tn,fn,config,model,fold,n_train,syn_rows
0.9669421487603306,0.8374202216996977,0.6923076923076923,0.6923076923076923,0.982532751091703,0.6923076923076923,0.6748404433993954,0.6748404433993953,0.9687604971447765,0.6758452951235205,0.02726093158618684,9,4,225,4,baseline,Logistic Regression,0,966,0
0.9545454545454546,0.685757473967081,0.625,0.38461538461538464,0.9868995633187773,0.47619047619047616,0.46850344365598035,0.453836684448092,0.9643936849177024,0.5335156672074186,0.03614019230008125,5,3,226,8,baseline,XGBoost,0,966,0
0.9338842975206612,0.8925092374874034,0.44,0.8461538461538461,0.9388646288209607,0.5789473684210527,0.5815263843293569,0.5469225368593494,0.9701041316761841,0.6697539937814536,0.047385087932583406,11,14,215,2,smotenc,Logistic Regression,0,1142,176
0.9752066115702479,0.8417870339267719,0.8181818181818182,0.6923076923076923,0.9912663755458515,0.75,0.7398993805259074,0.7370517928286853,0.962714141753443,0.6468550680089142,0.026176590472459793,9,2,227,4,smotenc,XGBoost,0,1142,176
0.9256198347107438,0.8881424252603292,0.4074074074074074,0.8461538461538461,0.9301310043668122,0.55,0.5559163101913994,0.5148139897527289,0.9687604971447765,0.6659104784104783,0.04912201826670367,11,16,213,2,copula-min,Logistic Regression,0,1142,176
0.9421487603305785,0.8605979173664764,0.47619047619047616,0.7692307692307693,0.9519650655021834,0.5882352941176471,0.5776128454780854,0.5589690184847695,0.9617064158548876,0.6254149115991221,0.047608405351638794,10,11,218,3,copula-min,XGBoost,0,1142,176
0.9586776859504132,0.8693315418206249,0.5882352941176471,0.7692307692307693,0.9694323144104804,0.6666666666666666,0.65165854183333,0.6450572015253739,0.9687604971447766,0.6325525935820053,0.03284127722728736,10,7,222,3,tvae-min,Logistic Regression,0,1142,176
0.9628099173553719,0.7989586832381592,0.6666666666666666,0.6153846153846154,0.982532751091703,0.64,0.620977756471058,0.6204252352736145,0.9667450453476655,0.5968421658565274,0.029644114896655083,8,4,225,5,tvae-min,XGBoost,0,1142,176
0.9628099173553719,0.7264024185421565,0.75,0.46153846153846156,0.9912663755458515,0.5714285714285714,0.5710150470599109,0.5531391054575298,0.9596909640577763,0.6467637823570027,0.027982624401406732,6,2,227,7,copula-x2,Logistic Regression,0,1932,966
0.9545454545454546,0.685757473967081,0.625,0.38461538461538464,0.9868995633187773,0.47619047619047616,0.46850344365598035,0.453836684448092,0.9553241518307021,0.5901696974752004,0.03291420638561249,5,3,226,8,copula-x2,XGBoost,0,1932,966
0.9545454545454546,0.8308700033590863,0.5625,0.6923076923076923,0.9694323144104804,0.6206896551724138,0.6004302967628181,0.5967888518630717,0.9657373194491098,0.6201194347348193,0.032776225276265974,9,7,222,4,tvae-x2,Logistic Regression,0,1932,966
0.9586776859504132,0.7604971447766207,0.6363636363636364,0.5384615384615384,0.982532751091703,0.5833333333333334,0.5639233116440701,0.5617529880478087,0.958011420893517,0.5171099890556904,0.03367825224995613,7,4,225,6,tvae-x2,XGBoost,0,1932,966
0.9628099173553719,0.7264024185421565,0.75,0.46153846153846156,0.9912663755458515,0.5714285714285714,0.5710150470599109,0.5531391054575298,0.9647295935505542,0.6729456283509088,0.02829895394046605,6,2,227,7,copula-x5,Logistic Regression,0,4830,3864
0.9545454545454546,0.6494793416190796,0.6666666666666666,0.3076923076923077,0.9912663755458515,0.42105263157894735,0.43347989814036464,0.4007203962179199,0.9398723547195164,0.5580821477373201,0.03517422080039978,4,2,227,9,copula-x5,XGBoost,0,4830,3864
0.9628099173553719,0.7264024185421565,0.75,0.46153846153846156,0.9912663755458515,0.5714285714285714,0.5710150470599109,0.5531391054575298,0.9643936849177024,0.6893860525439472,0.02995522712745317,6,2,227,7,baseline,Logistic Regression,1,966,0
0.9628099173553719,0.7264024185421565,0.75,0.46153846153846156,0.9912663755458515,0.5714285714285714,0.5710150470599109,0.5531391054575298,0.9727914007389991,0.7268002653826082,0.028998631983995438,6,2,227,7,baseline,XGBoost,1,966,0
0.9545454545454546,0.7583137386630836,0.5833333333333334,0.5384615384615384,0.9781659388646288,0.56,0.5365526907036444,0.5360752875566399,0.977494121598925,0.6982865183380056,0.030344573517256963,7,5,224,6,smotenc,Logistic Regression,1,1142,176
0.9628099173553719,0.7626805508901578,0.7,0.5384615384615384,0.9868995633187773,0.6086956521739131,0.5951183463817751,0.5895212966453072,0.965401410816258,0.7147242180896027,0.028816327452659607,7,3,226,6,smotenc,XGBoost,1,1142,176
0.9338842975206612,0.7836748404433994,0.42105263157894735,0.6153846153846154,0.9519650655021834,0.5,0.47556622178191965,0.46593103448275863,0.9472623446422572,0.6208710332833756,0.04084348874756644,8,11,218,5,copula-min,Logistic Regression,1,1142,176
0.9421487603305785,0.7517635203224723,0.4666666666666667,0.5384615384615384,0.9650655021834061,0.5,0.4708186496513825,0.4694644534920138,0.9274437353039973,0.44014094511819685,0.04596417024731636,7,8,221,6,copula-min,XGBoost,1,1142,176
0.9545454545454546,0.685757473967081,0.625,0.38461538461538464,0.9868995633187773,0.47619047619047616,0.46850344365598035,0.453836684448092,0.9684245885119248,0.6973832728357614,0.028994142084246957,5,3,226,8,tvae-min,Logistic Regression,1,1142,176
0.9628099173553719,0.7264024185421565,0.75,0.46153846153846156,0.9912663755458515,0.5714285714285714,0.5710150470599109,0.5531391054575298,0.9694323144104804,0.743724343261648,0.025140469893813133,6,2,227,7,tvae-min,XGBoost,1,1142,176
0.9545454545454546,0.6132012092710782,0.75,0.23076923076923078,0.9956331877729258,0.35294117647058826,0.4003612209557542,0.3361596009975062,0.958011420893517,0.6573863027018523,0.03132671147229135,3,1,228,10,copula-x2,Logistic Regression,1,1932,966
0.9421487603305785,0.5703728585824656,0.4,0.15384615384615385,0.9868995633187773,0.2222222222222222,0.22308246283696537,0.19829626123994326,0.9512932482364796,0.4877221282990513,0.04187537357211113,2,3,226,11,copula-x2,XGBoost,1,1932,966
0.9628099173553719,0.7626805508901578,0.7,0.5384615384615384,0.9868995633187773,0.6086956521739131,0.5951183463817751,0.5895212966453072,0.965065502183406,0.7368665080301908,0.02829251640004668,7,3,226,6,tvae-x2,Logistic Regression,1,1932,966
0.9669421487603306,0.7285858246556937,0.8571428571428571,0.46153846153846156,0.9956331877729258,0.6,0.6150150687420728,0.5843709746672392,0.9617064158548875,0.715426386479018,0.027575936168432236,6,1,228,7,tvae-x2,XGBoost,1,1932,966
0.9545454545454546,0.5769230769230769,1.0,0.15384615384615385,1.0,0.26666666666666666,0.38313818890169615,0.25600894354387926,0.9570036949949614,0.6456245768234312,0.034052181050104297,2,0,229,11,copula-x5,Logistic Regression,1,4830,3864
0.9504132231404959,0.6110178031575412,0.6,0.23076923076923078,0.9912663755458515,0.3333333333333333,0.3519272265757377,0.31282536677709416,0.9264360094054418,0.5002343482473327,0.04021874815225601,3,2,227,10,copula-x5,XGBoost,1,4830,3864
0.9710743801652892,0.8505639097744361,0.7692307692307693,0.7142857142857143,0.9868421052631579,0.7407407407407407,0.7260043511027184,0.7254457050243112,0.9652255639097744,0.7659845318765858,0.02629798421055918,10,3,225,4,baseline,Logistic Regression,2,966,0
0.9669421487603306,0.7478070175438596,0.875,0.5,0.9956140350877193,0.6363636363636364,0.6471755710957128,0.6203921568627451,0.9483082706766918,0.7403407178912753,0.02641400508582592,7,1,227,7,baseline,XGBoost,2,966,0
0.9380165289256198,0.8330200501253133,0.47619047619047616,0.7142857142857143,0.9517543859649122,0.5714285714285714,0.5523648504941032,0.5394569906115199,0.9291979949874687,0.6164352478391887,0.048296255661032204,10,11,217,4,smotenc,Logistic Regression,2,1143,177
0.9628099173553719,0.7791353383458646,0.7272727272727273,0.5714285714285714,0.9868421052631579,0.64,0.625711195790084,0.6206896551724137,0.9417293233082706,0.7012802594987639,0.03002087026834488,8,3,225,6,smotenc,XGBoost,2,1143,177
0.9297520661157025,0.8956766917293233,0.4444444444444444,0.8571428571428571,0.9342105263157895,0.5853658536585366,0.5868144408990277,0.5511673576260092,0.9520676691729324,0.7605322498298162,0.04567554836116352,12,15,213,2,copula-min,Logistic Regression,2,1143,177
0.9421487603305785,0.8352130325814536,0.5,0.7142857142857143,0.956140350877193,0.5882352941176471,0.5684481362970587,0.5581637976004172,0.9414160401002506,0.6153698787984502,0.042581409215927124,10,10,218,4,copula-min,XGBoost,2,1143,177
0.9462809917355371,0.8709273182957393,0.5238095238095238,0.7857142857142857,0.956140350877193,0.6285714285714286,0.6152398711053794,0.6008627251966505,0.9464285714285714,0.6710301544860368,0.03861669101516169,11,10,218,3,tvae-min,Logistic Regression,2,1143,177
0.9504132231404959,0.7725563909774436,0.5714285714285714,0.5714285714285714,0.9736842105263158,0.5714285714285714,0.5451127819548872,0.5451127819548872,0.9216791979949875,0.6123864942310275,0.03972770646214485,8,6,222,6,tvae-min,XGBoost,2,1143,177
0.9752066115702479,0.8192355889724311,0.9,0.6428571428571429,0.9956140350877193,0.75,0.748908476019125,0.7373371924746743,0.9589598997493733,0.7838658221801685,0.02599737167347664,9,1,227,5,copula-x2,Logistic Regression,2,1932,966
0.9462809917355371,0.6027568922305764,0.6,0.21428571428571427,0.9912280701754386,0.3157894736842105,0.33729757812357714,0.29430237774786894,0.9254385964912282,0.5575999250396375,0.039972975850105286,3,2,226,11,copula-x2,XGBoost,2,1932,966
0.9462809917355371,0.8038847117794486,0.5294117647058824,0.6428571428571429,0.9649122807017544,0.5806451612903226,0.5552065344269598,0.5522345573583831,0.9605263157894737,0.7283572554722195,0.030300638734671308,9,8,220,5,tvae-x2,Logistic Regression,2,1932,966
0.9628099173553719,0.7791353383458646,0.7272727272727273,0.5714285714285714,0.9868421052631579,0.64,0.625711195790084,0.6206896551724137,0.9354636591478696,0.6657911497987685,0.030926566570997238,8,3,225,6,tvae-x2,XGBoost,2,1932,966
0.9669421487603306,0.7478070175438596,0.875,0.5,0.9956140350877193,0.6363636363636364,0.6471755710957128,0.6203921568627451,0.9448621553884712,0.7355580495504863,0.02781773796677114,7,1,227,7,copula-x5,Logistic Regression,2,4830,3864
0.9462809917355371,0.6362781954887218,0.5714285714285714,0.2857142857142857,0.9868421052631579,0.38095238095238093,0.3796687567249316,0.3561195251739664,0.9016290726817042,0.5180939032332221,0.04366665706038475,4,3,225,10,copula-x5,XGBoost,2,4830,3864
0.9585062240663901,0.7241902834008097,0.6666666666666666,0.46153846153846156,0.9868421052631579,0.5454545454545454,0.5342206041228863,0.5244672454617205,0.9551282051282052,0.6141223922397501,0.033996860245485275,6,3,225,7,baseline,Logistic Regression,3,967,0
0.9543568464730291,0.7582658569500675,0.5833333333333334,0.5384615384615384,0.9780701754385965,0.56,0.5364481190368376,0.5359705933835113,0.9068825910931174,0.5605673986396205,0.03763115033507347,7,5,223,6,baseline,XGBoost,3,967,0
0.941908713692946,0.7516869095816464,0.4666666666666667,0.5384615384615384,0.9649122807017544,0.5,0.47068447560202475,0.469329977980497,0.9166666666666666,0.4543754421607748,0.04811518080995759,7,8,220,6,smotenc,Logistic Regression,3,1143,176
0.946058091286307,0.7176113360323887,0.5,0.46153846153846156,0.9736842105263158,0.48,0.45200396705259344,0.4516016103623316,0.9021592442645074,0.4692052463364254,0.04471601918339729,6,6,222,7,smotenc,XGBoost,3,1143,176
0.9336099585062241,0.7473009446693657,0.4117647058823529,0.5384615384615384,0.956140350877193,0.4666666666666667,0.43636147469662934,0.43193871538008244,0.9358974358974359,0.534885914499792,0.05260833497259412,7,10,218,6,copula-min,Logistic Regression,3,1143,176
0.9336099585062241,0.7473009446693657,0.4117647058823529,0.5384615384615384,0.956140350877193,0.4666666666666667,0.43636147469662934,0.43193871538008244,0.9031713900134952,0.4555715600282213,0.05492710694670677,7,10,218,6,copula-min,XGBoost,3,1143,176
0.946058091286307,0.7176113360323887,0.5,0.46153846153846156,0.9736842105263158,0.48,0.45200396705259344,0.4516016103623316,0.9325236167341431,0.5211274128602724,0.04216450199843291,6,6,222,7,tvae-min,Logistic Regression,3,1143,176
0.9543568464730291,0.7582658569500675,0.5833333333333334,0.5384615384615384,0.9780701754385965,0.56,0.5364481190368376,0.5359705933835113,0.8849527665317138,0.3695991303764349,0.046445753425359726,7,5,223,6,tvae-min,XGBoost,3,1143,176
0.950207468879668,0.6835357624831309,0.5555555555555556,0.38461538461538464,0.9824561403508771,0.45454545454545453,0.4373453854670431,0.42936069455406467,0.9527665317139001,0.5666376031688025,0.03525553144941004,5,4,224,8,copula-x2,Logistic Regression,3,1934,967
0.950207468879668,0.6472672064777327,0.5714285714285714,0.3076923076923077,0.9868421052631579,0.4,0.39620339748614136,0.37645536869340235,0.8954116059379217,0.5000404856476821,0.038296572864055634,4,3,225,9,copula-x2,XGBoost,3,1934,967
0.950207468879668,0.6835357624831309,0.5555555555555556,0.38461538461538464,0.9824561403508771,0.45454545454545453,0.4373453854670431,0.42936069455406467,0.939608636977058,0.5306655462365361,0.04024011808454612,5,4,224,8,tvae-x2,Logistic Regression,3,1934,967
0.9543568464730291,0.7582658569500675,0.5833333333333334,0.5384615384615384,0.9780701754385965,0.56,0.5364481190368376,0.5359705933835113,0.9109311740890689,0.5588591963591965,0.0390770323574543,7,5,223,6,tvae-x2,XGBoost,3,1934,967
0.950207468879668,0.6472672064777327,0.5714285714285714,0.3076923076923077,0.9868421052631579,0.4,0.39620339748614136,0.37645536869340235,0.9230769230769231,0.4512066713393654,0.03996420353495391,4,3,225,9,copula-x5,Logistic Regression,3,4835,3868
0.9543568464730291,0.6494601889338731,0.6666666666666666,0.3076923076923077,0.9912280701754386,0.42105263157894735,0.4333961668500313,0.4006330544879041,0.9085695006747638,0.46845645676621767,0.03964025899767876,4,2,226,9,copula-x5,XGBoost,3,4835,3868
0.9543568464730291,0.6857287449392713,0.625,0.38461538461538464,0.9868421052631579,0.47619047619047616,0.46840903699886893,0.45373995466721617,0.956140350877193,0.6331451607027054,0.03401233215460029,5,3,225,8,baseline,Logistic Regression,4,967,0
0.9626556016597511,0.690114709851552,0.8333333333333334,0.38461538461538464,0.9956140350877193,0.5263157894736842,0.5512838375169133,0.5096088627628306,0.9406207827260459,0.604849445245522,0.033923178911209106,5,1,227,8,baseline,XGBoost,4,967,0
0.946058091286307,0.7901484480431848,0.5,0.6153846153846154,0.9649122807017544,0.5517241379310345,0.5265481568322956,0.5233531112125361,0.9692982456140351,0.6632972759630584,0.03360379913659165,8,8,220,5,smotenc,Logistic Regression,4,1143,176
0.9585062240663901,0.6516531713900136,0.8,0.3076923076923077,0.9956140350877193,0.4444444444444444,0.4807060504243875,0.42728136882129275,0.9534412955465588,0.6368399969720291,0.03206954896450043,4,1,227,9,smotenc,XGBoost,4,1143,176
0.9045643153526971,0.6956815114709851,0.2727272727272727,0.46153846153846156,0.9298245614035088,0.34285714285714286,0.30696261910085476,0.29505277883759384,0.9399460188933874,0.47838011428037175,0.05273349385222926,6,16,212,7,copula-min,Logistic Regression,4,1143,176
0.9336099585062241,0.7835695006747638,0.42105263157894735,0.6153846153846154,0.9517543859649122,0.5,0.4754176774773727,0.46577999445829865,0.9551282051282052,0.5973724142202403,0.04359959810972214,8,11,217,5,copula-min,XGBoost,4,1143,176
0.9294605809128631,0.6725708502024291,0.35714285714285715,0.38461538461538464,0.9605263157894737,0.37037037037037035,0.3333186296121142,0.33306202181344613,0.9483805668016194,0.551394625033476,0.03940734528188807,5,9,219,8,tvae-min,Logistic Regression,4,1143,176
0.950207468879668,0.6472672064777327,0.5714285714285714,0.3076923076923077,0.9868421052631579,0.4,0.39620339748614136,0.37645536869340235,0.9524291497975708,0.6013174256686262,0.03394778072834015,4,3,225,9,tvae-min,XGBoost,4,1143,176
0.966804979253112,0.6923076923076923,1.0,0.38461538461538464,1.0,0.5555555555555556,0.6095716323512812,0.5418250950570342,0.9547908232118758,0.6245940426052996,0.03305254155250114,5,0,228,8,copula-x2,Logistic Regression,4,1934,967
0.9543568464730291,0.6494601889338731,0.6666666666666666,0.3076923076923077,0.9912280701754386,0.42105263157894735,0.4333961668500313,0.4006330544879041,0.9487179487179487,0.6269254777061775,0.031820811331272125,4,2,226,9,copula-x2,XGBoost,4,1934,967
0.946058091286307,0.6813427800269906,0.5,0.38461538461538464,0.9780701754385965,0.43478260869565216,0.41083115893352373,0.4069657391633542,0.9450067476383266,0.5392783406845172,0.03833595058725535,5,5,223,8,tvae-x2,Logistic Regression,4,1934,967
0.946058091286307,0.6450742240215924,0.5,0.3076923076923077,0.9824561403508771,0.38095238095238093,0.3658780852125588,0.35441994642489183,0.9389338731443995,0.48166062886914246,0.04404642432928085,4,4,224,9,tvae-x2,XGBoost,4,1934,967
0.950207468879668,0.5747300944669366,0.6666666666666666,0.15384615384615385,0.9956140350877193,0.25,0.30451978933663276,0.2345156167284278,0.946693657219973,0.5032610008425946,0.03807228996658778,2,1,227,11,copula-x5,Logistic Regression,4,4835,3868
0.9543568464730291,0.6494601889338731,0.6666666666666666,0.3076923076923077,0.9912280701754386,0.42105263157894735,0.4333961668500313,0.4006330544879041,0.9591767881241565,0.6061442288279029,0.0351017601788044,4,2,226,9,copula-x5,XGBoost,4,4835,3868
0.9628099173553719,0.7626805508901578,0.7,0.5384615384615384,0.9868995633187773,0.6086956521739131,0.5951183463817751,0.5895212966453072,0.9731273093718509,0.7531978890674542,0.025885550387820762,7,3,226,6,baseline,Logistic Regression,5,966,0
0.9504132231404959,0.6472959355055425,0.5714285714285714,0.3076923076923077,0.9868995633187773,0.4,0.3963028767720777,0.3765564620008587,0.9519650655021834,0.5426643015043078,0.035975053906440735,4,3,226,9,baseline,XGBoost,5,966,0
0.9380165289256198,0.7858582465569366,0.4444444444444444,0.6153846153846154,0.9563318777292577,0.5161290322580645,0.4912582724978506,0.4839351720216093,0.9546523345649984,0.640799023548825,0.04620545235373671,8,10,219,5,smotenc,Logistic Regression,5,1142,176
0.9504132231404959,0.6835740678535438,0.5555555555555556,0.38461538461538464,0.982532751091703,0.45454545454545453,0.43745313112412815,0.4294695481335953,0.9489418878065167,0.6513443692650258,0.03313027694821358,5,4,225,8,smotenc,XGBoost,5,1142,176
0.9380165289256198,0.8946926436009406,0.4583333333333333,0.8461538461538461,0.9432314410480349,0.5945945945945946,0.5954490096662062,0.5642256902761105,0.9596909640577763,0.7244158004295964,0.04678214203606545,11,13,216,2,copula-min,Logistic Regression,5,1142,176
0.9421487603305785,0.8243197850184749,0.47368421052631576,0.6923076923076923,0.9563318777292577,0.5625,0.5437053725641722,0.5326896551724138,0.950621430970776,0.5297097801457409,0.04833022132515907,9,10,219,4,copula-min,XGBoost,5,1142,176
0.9421487603305785,0.7880416526704737,0.47058823529411764,0.6153846153846154,0.9606986899563319,0.5333333333333333,0.5082284671415012,0.5030800821355236,0.9667450453476654,0.6570496120269875,0.0393210548617143,8,9,220,5,tvae-min,Logistic Regression,5,1142,176
0.9504132231404959,0.7561303325495465,0.5384615384615384,0.5384615384615384,0.9737991266375546,0.5384615384615384,0.5122606650990931,0.5122606650990931,0.9600268726906281,0.6383862243353557,0.03321318328380585,7,6,223,6,tvae-min,XGBoost,5,1142,176
0.9710743801652892,0.7307692307692308,1.0,0.46153846153846156,1.0,0.631578947368421,0.6692150337582707,0.6186402521386762,0.957675512260665,0.7358178178119392,0.0290788012120424,6,0,229,7,copula-x2,Logistic Regression,5,1932,966
0.9462809917355371,0.6451125293920054,0.5,0.3076923076923077,0.982532751091703,0.38095238095238093,0.3659918402520497,0.35453426343865413,0.9439032583137386,0.4336451948728681,0.04078200086951256,4,4,225,9,copula-x2,XGBoost,5,1932,966
0.9380165289256198,0.7133019818609339,0.42857142857142855,0.46153846153846156,0.9650655021834061,0.4444444444444444,0.4119863833335355,0.41166936790923825,0.9643936849177024,0.6685208152610529,0.034087559157782964,6,8,221,7,tvae-x2,Logistic Regression,5,1932,966
0.9586776859504132,0.687940880080618,0.7142857142857143,0.38461538461538464,0.9912663755458515,0.5,0.5056589727570753,0.4804637183340489,0.9472623446422572,0.5821133950735391,0.035291917622089386,5,2,227,8,tvae-x2,XGBoost,5,1932,966
0.9669421487603306,0.6923076923076923,1.0,0.38461538461538464,1.0,0.5555555555555556,0.6096167540532824,0.5418835778513962,0.9519650655021834,0.6794632118975457,0.030041425839510055,5,0,229,8,copula-x5,Logistic Regression,5,4830,3864
0.9421487603305785,0.6792072556264697,0.45454545454545453,0.38461538461538464,0.9737991266375546,0.4166666666666667,0.3879472427622326,0.38645418326693226,0.9368491770238494,0.4543504286201394,0.04514468088746071,5,6,223,8,copula-x5,XGBoost,5,4830,3864
0.9462809917355371,0.7176687940880081,0.5,0.46153846153846156,0.9737991266375546,0.48,0.452127624936231,0.45172533983966534,0.9583473295263688,0.529574423577422,0.03886154305709946,6,6,223,7,baseline,Logistic Regression,6,966,0
0.9504132231404959,0.6835740678535438,0.5555555555555556,0.38461538461538464,0.982532751091703,0.45454545454545453,0.43745313112412815,0.4294695481335953,0.9536446086664427,0.4832532851763621,0.03954770788550377,5,4,225,8,baseline,XGBoost,6,966,0
0.9214876033057852,0.7771246221027881,0.36363636363636365,0.6153846153846154,0.9388646288209607,0.45714285714285713,0.4346821896272881,0.4178272980501392,0.938528720188109,0.505441542271932,0.06099018915127652,8,14,215,5,smotenc,Logistic Regression,6,1142,176
0.9421487603305785,0.7154853879744709,0.46153846153846156,0.46153846153846156,0.9694323144104804,0.46153846153846156,0.4309707759489419,0.43097077594894195,0.9439032583137387,0.4213739550831129,0.044277120381593704,6,7,222,7,smotenc,XGBoost,6,1142,176
0.9090909090909091,0.806852536110178,0.3333333333333333,0.6923076923076923,0.9213973799126638,0.45,0.43948900853296696,0.4069948763644464,0.9533087000335909,0.5364682445177802,0.05577065075107998,9,18,211,4,copula-min,Logistic Regression,6,1142,176
0.9214876033057852,0.8134027544507894,0.375,0.6923076923076923,0.9344978165938864,0.4864864864864865,0.47281185193069813,0.44801920768307324,0.9381928115552569,0.4440557218641774,0.06104094162583351,9,15,214,4,copula-min,XGBoost,6,1142,176
0.9338842975206612,0.747396708095398,0.4117647058823529,0.5384615384615384,0.9563318777292577,0.4666666666666667,0.4365134297955867,0.43209152244059834,0.9482700705408129,0.4952536340495353,0.04774496740564239,7,10,219,6,tvae-min,Logistic Regression,6,1142,176
0.9380165289256198,0.7133019818609339,0.42857142857142855,0.46153846153846156,0.9650655021834061,0.4444444444444444,0.4119863833335355,0.41166936790923825,0.9412159892509236,0.36342412070442554,0.05134686455130577,6,8,221,7,tvae-min,XGBoost,6,1142,176
0.9628099173553719,0.7264024185421565,0.75,0.46153846153846156,0.9912663755458515,0.5714285714285714,0.5710150470599109,0.5531391054575298,0.9563318777292577,0.5707126202494271,0.03450401249800249,6,2,227,7,copula-x2,Logistic Regression,6,1932,966
0.9421487603305785,0.6792072556264697,0.45454545454545453,0.38461538461538464,0.9737991266375546,0.4166666666666667,0.3879472427622326,0.38645418326693226,0.9277796439368492,0.4034249490842897,0.04273279383778572,5,6,223,8,copula-x2,XGBoost,6,1932,966
0.9380165289256198,0.7133019818609339,0.42857142857142855,0.46153846153846156,0.9650655021834061,0.4444444444444444,0.4119863833335355,0.41166936790923825,0.9449109842122942,0.5088304509093102,0.046179065184798015,6,8,221,7,tvae-x2,Logistic Regression,6,1932,966
0.9421487603305785,0.7154853879744709,0.46153846153846156,0.46153846153846156,0.9694323144104804,0.46153846153846156,0.4309707759489419,0.43097077594894195,0.9385287201881088,0.39089046316530185,0.04814630746841431,6,7,222,7,tvae-x2,XGBoost,6,1932,966
0.9421487603305785,0.6792072556264697,0.45454545454545453,0.38461538461538464,0.9737991266375546,0.4166666666666667,0.3879472427622326,0.38645418326693226,0.9318105475310715,0.49082417582417587,0.04248614242416145,5,6,223,8,copula-x5,Logistic Regression,6,4830,3864
0.9297520661157025,0.6726570372858582,0.35714285714285715,0.38461538461538464,0.9606986899563319,0.37037037037037035,0.33348189139123974,0.33322528363047,0.9217332885455156,0.3170464863376578,0.0560249388217926,5,9,220,8,copula-x5,XGBoost,6,4830,3864
0.9628099173553719,0.7791353383458646,0.7272727272727273,0.5714285714285714,0.9868421052631579,0.64,0.625711195790084,0.6206896551724137,0.9843358395989975,0.8490291037283518,0.022425166837546532,8,3,225,6,baseline,Logistic Regression,7,966,0
0.9504132231404959,0.6719924812030075,0.625,0.35714285714285715,0.9868421052631579,0.45454545454545453,0.4491774823407665,0.4305882352941176,0.9530075187969925,0.6020729908702905,0.0348878875374794,5,3,225,9,baseline,XGBoost,7,966,0
0.9504132231404959,0.906641604010025,0.5454545454545454,0.8571428571428571,0.956140350877193,0.6666666666666666,0.6604661526884764,0.6413043478260869,0.9802631578947368,0.8416418898561755,0.03522821073544145,12,10,218,2,smotenc,Logistic Regression,7,1143,177
0.9504132231404959,0.7055137844611529,0.6,0.42857142857142855,0.9824561403508771,0.5,0.4821236116472483,0.47467438494934877,0.9595864661654135,0.5872054219798579,0.03813587501645088,6,4,224,8,smotenc,XGBoost,7,1143,177
0.9380165289256198,0.8665413533834586,0.4782608695652174,0.7857142857142857,0.9473684210526315,0.5945945945945946,0.5835773675715572,0.5631768953068592,0.981203007518797,0.8211875598521561,0.038007460812989766,11,12,216,3,copula-min,Logistic Regression,7,1143,177
0.9338842975206612,0.7973057644110275,0.45,0.6428571428571429,0.9517543859649122,0.5294117647058824,0.5041656835008493,0.4950443401147626,0.9614661654135338,0.660991785991786,0.04595950245857239,9,11,217,5,copula-min,XGBoost,7,1143,177
0.9669421487603306,0.8483709273182958,0.7142857142857143,0.7142857142857143,0.9824561403508771,0.7142857142857143,0.6967418546365914,0.6967418546365916,0.9849624060150375,0.8158953733008354,0.025039784314124656,10,4,224,4,tvae-min,Logistic Regression,7,1143,177
0.9504132231404959,0.7055137844611529,0.6,0.42857142857142855,0.9824561403508771,0.5,0.4821236116472483,0.47467438494934877,0.9645989974937343,0.6684456594308811,0.03470738232135773,6,4,224,8,tvae-min,XGBoost,7,1143,177
0.9710743801652892,0.75,1.0,0.5,1.0,0.6666666666666666,0.6964957881988401,0.6532951289398281,0.9833959899749373,0.8333100827743685,0.024842337937113438,7,0,228,7,copula-x2,Logistic Regression,7,1932,966
0.9586776859504132,0.7098997493734336,0.75,0.42857142857142855,0.9912280701754386,0.5454545454545454,0.5481765267182397,0.5254901960784313,0.9777568922305765,0.7365660919540229,0.029585732147097588,6,2,226,8,copula-x2,XGBoost,7,1932,966
0.9669421487603306,0.8148496240601504,0.75,0.6428571428571429,0.9868421052631579,0.6923076923076923,0.6771892807780213,0.6749496306245802,0.9840225563909775,0.8178698859619911,0.02239628128751892,9,3,225,5,tvae-x2,Logistic Regression,7,1932,966
0.9545454545454546,0.7412280701754386,0.6363636363636364,0.5,0.9824561403508771,0.56,0.5407380704358751,0.5363984674329502,0.9727443609022557,0.7304506316696718,0.03151928633451462,7,4,224,7,tvae-x2,XGBoost,7,1932,966
0.9628099173553719,0.6785714285714286,1.0,0.35714285714285715,1.0,0.5263157894736842,0.586157376617192,0.5114401076716015,0.9799498746867168,0.8254199940845903,0.026308362166700072,5,0,228,9,copula-x5,Logistic Regression,7,4830,3864
0.9545454545454546,0.7077067669172932,0.6666666666666666,0.42857142857142855,0.9868421052631579,0.5217391304347826,0.5125224192798813,0.49905908919834396,0.9639724310776943,0.6251468097120271,0.03600452095270157,6,3,225,8,copula-x5,XGBoost,7,4830,3864
0.970954356846473,0.7670377867746289,0.875,0.5384615384615384,0.9956140350877193,0.6666666666666666,0.6734709405714892,0.6523799711518647,0.9568151147098516,0.7092549609103089,0.02828761573741994,7,1,227,6,baseline,Logistic Regression,8,967,0
0.9626556016597511,0.72638326585695,0.75,0.46153846153846156,0.9912280701754386,0.5714285714285714,0.570939988785179,0.5530599629095405,0.933535762483131,0.6717094381416631,0.03105251118540764,6,2,226,7,baseline,XGBoost,8,967,0
0.950207468879668,0.7923414304993253,0.5333333333333333,0.6153846153846154,0.9692982456140351,0.5714285714285714,0.5467132682428344,0.5451399811261403,0.9348852901484479,0.6388854425144748,0.036809683614415716,8,7,221,5,smotenc,Logistic Regression,8,1143,176
0.9626556016597511,0.72638326585695,0.75,0.46153846153846156,0.9912280701754386,0.5714285714285714,0.570939988785179,0.5530599629095405,0.9294871794871795,0.6427430957934936,0.033763643354177475,6,2,226,7,smotenc,XGBoost,8,1143,176
0.946058091286307,0.826417004048583,0.5,0.6923076923076923,0.9605263157894737,0.5806451612903226,0.5609875016410907,0.5526203055833214,0.9477058029689608,0.6653891371807974,0.036050570773848004,9,9,219,4,copula-min,Logistic Regression,8,1143,176
0.946058091286307,0.7901484480431848,0.5,0.6153846153846154,0.9649122807017544,0.5517241379310345,0.5265481568322956,0.5233531112125361,0.917004048582996,0.5374140164033782,0.04312294349074364,8,8,220,5,copula-min,XGBoost,8,1143,176
0.9626556016597511,0.7626518218623481,0.7,0.5384615384615384,0.9868421052631579,0.6086956521739131,0.5950363855437176,0.5894378194207837,0.956140350877193,0.714358010410642,0.029188212008813923,7,3,225,6,tvae-min,Logistic Regression,8,1143,176
0.946058091286307,0.6450742240215924,0.5,0.3076923076923077,0.9824561403508771,0.38095238095238093,0.3658780852125588,0.35441994642489183,0.9315114709851553,0.5496339149856818,0.03594816103577614,4,4,224,9,tvae-min,XGBoost,8,1143,176
0.966804979253112,0.7648448043184886,0.7777777777777778,0.5384615384615384,0.9912280701754386,0.6363636363636364,0.6310958227787294,0.6195737963693765,0.9504048582995952,0.7165487873783938,0.027597413709213342,7,2,226,6,copula-x2,Logistic Regression,8,1934,967
0.9543568464730291,0.6494601889338731,0.6666666666666666,0.3076923076923077,0.9912280701754386,0.42105263157894735,0.4333961668500313,0.4006330544879041,0.9035087719298246,0.5409711373620455,0.036642685532569885,4,2,226,9,copula-x2,XGBoost,8,1934,967
0.950207468879668,0.7560728744939271,0.5384615384615384,0.5384615384615384,0.9736842105263158,0.5384615384615384,0.5121457489878543,0.5121457489878543,0.9517543859649122,0.6669714797685862,0.03285732118681779,7,6,222,6,tvae-x2,Logistic Regression,8,1934,967
0.9626556016597511,0.7626518218623481,0.7,0.5384615384615384,0.9868421052631579,0.6086956521739131,0.5950363855437176,0.5894378194207837,0.940620782726046,0.6516710562165109,0.03146812319755554,7,3,225,6,tvae-x2,XGBoost,8,1934,967
0.966804979253112,0.7285762483130904,0.8571428571428571,0.46153846153846156,0.9956140350877193,0.6,0.6149548723868518,0.5843035791289348,0.9456815114709851,0.674762345916192,0.029165421688598793,6,1,227,7,copula-x5,Logistic Regression,8,4835,3868
0.941908713692946,0.6791497975708503,0.45454545454545453,0.38461538461538464,0.9736842105263158,0.4166666666666667,0.38781549443454705,0.38632229901782467,0.8785425101214575,0.47908263670898454,0.043054308742284775,5,6,222,8,copula-x5,XGBoost,8,4835,3868
0.966804979253112,0.7285762483130904,0.8571428571428571,0.46153846153846156,0.9956140350877193,0.6,0.6149548723868518,0.5843035791289348,0.9595141700404859,0.6773686364479203,0.0303423291309985,6,1,227,7,baseline,Logistic Regression,9,967,0
0.941908713692946,0.606612685560054,0.42857142857142855,0.23076923076923078,0.9824561403508771,0.3,0.2868276600357862,0.27253126347563605,0.9244264507422402,0.46732197975685646,0.04264077544212341,3,4,224,10,baseline,XGBoost,9,967,0
0.941908713692946,0.7154183535762484,0.46153846153846156,0.46153846153846156,0.9692982456140351,0.46153846153846156,0.4308367071524966,0.43083670715249667,0.9446693657219973,0.5233401832086042,0.041692461009871944,6,7,221,7,smotenc,Logistic Regression,9,1143,176
0.950207468879668,0.6472672064777327,0.5714285714285714,0.3076923076923077,0.9868421052631579,0.4,0.39620339748614136,0.37645536869340235,0.8893387314439947,0.4125801548878472,0.04446905106306076,4,3,225,9,smotenc,XGBoost,9,1143,176
0.9377593360995851,0.7494939271255061,0.4375,0.5384615384615384,0.9605263157894737,0.4827586206896552,0.45277018834591,0.45002282062984933,0.9524291497975709,0.5640213632521325,0.04186279586255223,7,9,219,6,copula-min,Logistic Regression,9,1143,176
0.9336099585062241,0.6747638326585695,0.38461538461538464,0.38461538461538464,0.9649122807017544,0.38461538461538464,0.349527665317139,0.3495276653171391,0.9089068825910931,0.42289883590437277,0.05049089714884758,5,8,220,8,copula-min,XGBoost,9,1143,176
0.941908713692946,0.7154183535762484,0.46153846153846156,0.46153846153846156,0.9692982456140351,0.46153846153846156,0.4308367071524966,0.43083670715249667,0.9527665317139001,0.5636032284639096,0.039711960089266134,6,7,221,7,tvae-min,Logistic Regression,9,1143,176
0.9543568464730291,0.6857287449392713,0.625,0.38461538461538464,0.9868421052631579,0.47619047619047616,0.46840903699886893,0.45373995466721617,0.886302294197031,0.38816640915301703,0.04270613566040993,5,3,225,8,tvae-min,XGBoost,9,1143,176
0.9626556016597511,0.690114709851552,0.8333333333333334,0.38461538461538464,0.9956140350877193,0.5263157894736842,0.5512838375169133,0.5096088627628306,0.9605263157894737,0.6305362529627236,0.033014981980804915,5,1,227,8,copula-x2,Logistic Regression,9,1934,967
0.946058091286307,0.5725371120107963,0.5,0.15384615384615385,0.9912280701754386,0.23529411764705882,0.2565223366650676,0.21537690959178568,0.9058704453441295,0.39519405813715613,0.04370163753628731,2,2,226,11,copula-x2,XGBoost,9,1934,967
0.9543568464730291,0.7219973009446694,0.6,0.46153846153846156,0.9824561403508771,0.5217391304347826,0.5029337722386207,0.4982017792920689,0.9493927125506073,0.5704044269074254,0.038131774264438076,6,4,224,7,tvae-x2,Logistic Regression,9,1934,967
0.9543568464730291,0.613191632928475,0.75,0.23076923076923078,0.9956140350877193,0.35294117647058826,0.40029415791223333,0.3360881542699725,0.888663967611336,0.3882245268080654,0.04166378080844879,3,1,227,10,tvae-x2,XGBoost,9,1934,967
0.950207468879668,0.6109986504723347,0.6,0.23076923076923078,0.9912280701754386,0.3333333333333333,0.3518404684974939,0.31273764258555126,0.9480431848852902,0.5078413378976661,0.0382312292090923,3,2,226,10,copula-x5,Logistic Regression,9,4835,3868
0.941908713692946,0.5340755735492577,0.3333333333333333,0.07692307692307693,0.9912280701754386,0.125,0.1388555247088032,0.10693488618316571,0.9092442645074225,0.31942565013185226,0.048656169325113297,1,2,226,12,copula-x5,XGBoost,9,4835,3868
