accuracy,balanced_accuracy,precision,recall,specificity,f1,mcc,kappa,roc_auc,pr_auc,brier,tp,fp,tn,fn,Not At-Risk|precision,Not At-Risk|recall,Not At-Risk|f1,At-Risk|precision,At-Risk|recall,At-Risk|f1,fold,model
0.9176470588235294,0.4875,0.0,0.0,0.975,0.0,-0.03880752628531665,-0.03478260869565197,0.925,0.3616161616161616,0.04829740795251502,0,2,78,5,0.9397590361445783,0.975,0.9570552147239264,0.0,0.0,0.0,0,Logistic Regression
0.9294117647058824,0.7749999999999999,0.42857142857142855,0.6,0.95,0.5,0.4707565417620042,0.4631578947368421,0.9400000000000001,0.402031302031302,0.0520909512758991,3,4,76,2,0.9743589743589743,0.95,0.9620253164556962,0.42857142857142855,0.6,0.5,1,Logistic Regression
0.9882352941176471,0.9,1.0,0.8,1.0,0.8888888888888888,0.8888888888888888,0.8827586206896552,1.0,1.0,0.015391794768938585,4,0,80,1,0.9876543209876543,1.0,0.9937888198757764,1.0,0.8,0.8888888888888888,2,Logistic Regression
0.9529411764705882,0.6937500000000001,0.6666666666666666,0.4,0.9875,0.5,0.4941219526240872,0.4769230769230769,0.96,0.7626315789473683,0.026793385964797543,2,1,79,3,0.9634146341463414,0.9875,0.9753086419753086,0.6666666666666666,0.4,0.5,3,Logistic Regression
0.9411764705882353,0.6875,0.5,0.4,0.975,0.4444444444444444,0.4166666666666667,0.4137931034482758,0.9375,0.655952380952381,0.03326224376753674,2,2,78,3,0.9629629629629629,0.975,0.968944099378882,0.5,0.4,0.4444444444444444,4,Logistic Regression
0.9523809523809523,0.6,1.0,0.2,1.0,0.3333333333333333,0.43630430410796145,0.31983805668016196,0.9367088607594937,0.55,0.042602841709770294,1,0,79,4,0.9518072289156626,1.0,0.9753086419753086,1.0,0.2,0.3333333333333333,5,Logistic Regression
0.9166666666666666,0.48125,0.0,0.0,0.9625,0.0,-0.04303314829119353,-0.042553191489361764,0.9031250000000001,0.24166666666666667,0.052579128835259295,0,3,77,4,0.9506172839506173,0.9625,0.9565217391304348,0.0,0.0,0.0,6,Logistic Regression
0.9761904761904762,0.75,1.0,0.5,1.0,0.6666666666666666,0.6984302957695782,0.6557377049180328,0.98125,0.775,0.021988690862005784,2,0,80,2,0.975609756097561,1.0,0.9876543209876543,1.0,0.5,0.6666666666666666,7,Logistic Regression
0.9880952380952381,0.875,1.0,0.75,1.0,0.8571428571428571,0.8606629658238705,0.851063829787234,0.984375,0.8611111111111112,0.016982380130383317,3,0,80,1,0.9876543209876543,1.0,0.9937888198757764,1.0,0.75,0.8571428571428571,8,Logistic Regression
0.9761904761904762,0.86875,0.75,0.75,0.9875,0.75,0.7375,0.7375,0.99375,0.9166666666666666,0.016173683419690568,3,1,79,1,0.9875,0.9875,0.9875,0.75,0.75,0.75,9,Logistic Regression
0.9411764705882353,0.5,0.0,0.0,1.0,0.0,0.0,0.0,0.9225,0.31153679653679656,0.04537487832609899,0,0,80,5,0.9411764705882353,1.0,0.9696969696969697,0.0,0.0,0.0,0,SVM
0.9294117647058824,0.5875,0.3333333333333333,0.2,0.975,0.25,0.2231518495721684,0.21538461538461529,0.9349999999999999,0.3853479853479853,0.04697078098525216,1,2,78,4,0.9512195121951219,0.975,0.9629629629629629,0.3333333333333333,0.2,0.25,1,SVM
0.9529411764705882,0.6,1.0,0.2,1.0,0.3333333333333333,0.4364357804719848,0.32000000000000006,0.97,0.6533333333333333,0.03505973955195008,1,0,80,4,0.9523809523809523,1.0,0.975609756097561,1.0,0.2,0.3333333333333333,2,SVM
0.9529411764705882,0.6,1.0,0.2,1.0,0.3333333333333333,0.4364357804719848,0.32000000000000006,0.98,0.7833333333333332,0.029790563298095835,1,0,80,4,0.9523809523809523,1.0,0.975609756097561,1.0,0.2,0.3333333333333333,3,SVM
0.9529411764705882,0.6,1.0,0.2,1.0,0.3333333333333333,0.4364357804719848,0.32000000000000006,0.9575,0.7424999999999999,0.03534290830766683,1,0,80,4,0.9523809523809523,1.0,0.975609756097561,1.0,0.2,0.3333333333333333,4,SVM
0.9404761904761905,0.5,0.0,0.0,1.0,0.0,0.0,0.0,0.9291139240506329,0.5188235294117647,0.04502957589574253,0,0,79,5,0.9404761904761905,1.0,0.9693251533742331,0.0,0.0,0.0,5,SVM
0.9404761904761905,0.49375,0.0,0.0,0.9875,0.0,-0.0245440346836908,-0.01941747572815533,0.8843749999999999,0.2342948717948718,0.045998374820514026,0,1,79,4,0.9518072289156626,0.9875,0.9693251533742331,0.0,0.0,0.0,6,SVM
0.9404761904761905,0.49375,0.0,0.0,0.9875,0.0,-0.0245440346836908,-0.01941747572815533,0.9656250000000001,0.5166666666666666,0.03374033950360037,0,1,79,4,0.9518072289156626,0.9875,0.9693251533742331,0.0,0.0,0.0,7,SVM
0.9880952380952381,0.875,1.0,0.75,1.0,0.8571428571428571,0.8606629658238705,0.851063829787234,0.9656250000000001,0.8166666666666667,0.023478374242444745,3,0,80,1,0.9876543209876543,1.0,0.9937888198757764,1.0,0.75,0.8571428571428571,8,SVM
0.9642857142857143,0.625,1.0,0.25,1.0,0.4,0.490880693673816,0.38834951456310685,0.990625,0.8928571428571428,0.023086588652218347,1,0,80,3,0.963855421686747,1.0,0.9815950920245399,1.0,0.25,0.4,9,SVM
0.9411764705882353,0.5,0.0,0.0,1.0,0.0,0.0,0.0,0.8674999999999999,0.3241698841698842,0.048309017167042244,0,0,80,5,0.9411764705882353,1.0,0.9696969696969697,0.0,0.0,0.0,0,Random Forest
0.9411764705882353,0.5,0.0,0.0,1.0,0.0,0.0,0.0,0.9225,0.3972527472527473,0.044648923207380196,0,0,80,5,0.9411764705882353,1.0,0.9696969696969697,0.0,0.0,0.0,1,Random Forest
0.9411764705882353,0.5,0.0,0.0,1.0,0.0,0.0,0.0,0.9825,0.8509090909090908,0.039081766562589604,0,0,80,5,0.9411764705882353,1.0,0.9696969696969697,0.0,0.0,0.0,2,Random Forest
0.9411764705882353,0.5,0.0,0.0,1.0,0.0,0.0,0.0,0.9724999999999999,0.6644444444444444,0.04303096622668751,0,0,80,5,0.9411764705882353,1.0,0.9696969696969697,0.0,0.0,0.0,3,Random Forest
0.9411764705882353,0.5,0.0,0.0,1.0,0.0,0.0,0.0,0.8325,0.49665665665665665,0.048884960164307545,0,0,80,5,0.9411764705882353,1.0,0.9696969696969697,0.0,0.0,0.0,4,Random Forest
0.9404761904761905,0.5,0.0,0.0,1.0,0.0,0.0,0.0,0.8354430379746836,0.3128502415458937,0.049978717886557854,0,0,79,5,0.9404761904761905,1.0,0.9693251533742331,0.0,0.0,0.0,5,Random Forest
0.9523809523809523,0.5,0.0,0.0,1.0,0.0,0.0,0.0,0.8718750000000001,0.38399621212121215,0.04073425917271591,0,0,80,4,0.9523809523809523,1.0,0.975609756097561,0.0,0.0,0.0,6,Random Forest
0.9523809523809523,0.5,0.0,0.0,1.0,0.0,0.0,0.0,0.9375,0.5267857142857143,0.03612478874263632,0,0,80,4,0.9523809523809523,1.0,0.975609756097561,0.0,0.0,0.0,7,Random Forest
0.9523809523809523,0.5,0.0,0.0,1.0,0.0,0.0,0.0,0.990625,0.8928571428571428,0.031465242388105316,0,0,80,4,0.9523809523809523,1.0,0.975609756097561,0.0,0.0,0.0,8,Random Forest
0.9523809523809523,0.5,0.0,0.0,1.0,0.0,0.0,0.0,0.953125,0.5083333333333333,0.03470656418710806,0,0,80,4,0.9523809523809523,1.0,0.975609756097561,0.0,0.0,0.0,9,Random Forest
0.9411764705882353,0.5,0.0,0.0,1.0,0.0,0.0,0.0,0.65125,0.2797385620915033,0.05174407173337654,0,0,80,5,0.9411764705882353,1.0,0.9696969696969697,0.0,0.0,0.0,0,Decision Tree
0.9058823529411765,0.48125,0.0,0.0,0.9625,0.0,-0.047818253479750376,-0.04615384615384621,0.9137500000000001,0.2913797313797314,0.06097649179910048,0,3,77,5,0.9390243902439024,0.9625,0.9506172839506173,0.0,0.0,0.0,1,Decision Tree
0.9411764705882353,0.59375,0.5,0.2,0.9875,0.2857142857142857,0.29105644713987483,0.26086956521739135,0.62,0.16862745098039217,0.06276383466705211,1,1,79,4,0.9518072289156626,0.9875,0.9693251533742331,0.5,0.2,0.2857142857142857,2,Decision Tree
0.9411764705882353,0.5,0.0,0.0,1.0,0.0,0.0,0.0,0.73125,0.23807486631016045,0.052136020124856755,0,0,80,5,0.9411764705882353,1.0,0.9696969696969697,0.0,0.0,0.0,3,Decision Tree
0.8941176470588236,0.56875,0.16666666666666666,0.2,0.9375,0.18181818181818182,0.12631168334802198,0.12571428571428578,0.5925,0.09529411764705883,0.07990867244578238,1,5,75,4,0.9493670886075949,0.9375,0.9433962264150944,0.16666666666666666,0.2,0.18181818181818182,4,Decision Tree
0.9285714285714286,0.4936708860759494,0.0,0.0,0.9873417721518988,0.0,-0.027614196462529206,-0.020242914979756943,0.6379746835443038,0.13874458874458873,0.06171530115081891,0,1,78,5,0.9397590361445783,0.9873417721518988,0.9629629629629629,0.0,0.0,0.0,5,Decision Tree
0.9404761904761905,0.6125,0.3333333333333333,0.25,0.975,0.2857142857142857,0.25819888974716115,0.25531914893617025,0.7109375000000001,0.17857142857142855,0.048626215191959136,1,2,78,3,0.9629629629629629,0.975,0.968944099378882,0.3333333333333333,0.25,0.2857142857142857,6,Decision Tree
0.9166666666666666,0.6,0.2,0.25,0.95,0.2222222222222222,0.18001406414816382,0.17877094972067042,0.8921874999999999,0.20795454545454545,0.05689706660961348,1,4,76,3,0.9620253164556962,0.95,0.9559748427672956,0.2,0.25,0.2222222222222222,7,Decision Tree
0.9166666666666666,0.6,0.2,0.25,0.95,0.2222222222222222,0.18001406414816382,0.17877094972067042,0.6828124999999999,0.11926406926406927,0.05230239284148995,1,4,76,3,0.9620253164556962,0.95,0.9559748427672956,0.2,0.25,0.2222222222222222,8,Decision Tree
0.9404761904761905,0.73125,0.4,0.5,0.9625,0.4444444444444444,0.41628252334262883,0.4134078212290503,0.8359375,0.4869047619047619,0.038703412639710714,2,3,77,2,0.9746835443037974,0.9625,0.9685534591194969,0.4,0.5,0.4444444444444444,9,Decision Tree
0.9411764705882353,0.59375,0.5,0.2,0.9875,0.2857142857142857,0.29105644713987483,0.26086956521739135,0.8700000000000001,0.4194660894660895,0.049514450090350534,1,1,79,4,0.9518072289156626,0.9875,0.9693251533742331,0.5,0.2,0.2857142857142857,0,Gradient Boosting
0.9411764705882353,0.78125,0.5,0.6,0.9625,0.5454545454545454,0.5167296136964535,0.5142857142857143,0.9600000000000001,0.4997979797979797,0.04103493343617764,3,3,77,2,0.9746835443037974,0.9625,0.9685534591194969,0.5,0.6,0.5454545454545454,1,Gradient Boosting
0.9529411764705882,0.6,1.0,0.2,1.0,0.3333333333333333,0.4364357804719848,0.32000000000000006,0.99,0.8761904761904762,0.02628756717767192,1,0,80,4,0.9523809523809523,1.0,0.975609756097561,1.0,0.2,0.3333333333333333,2,Gradient Boosting
0.9529411764705882,0.6,1.0,0.2,1.0,0.3333333333333333,0.4364357804719848,0.32000000000000006,0.9825,0.7783333333333333,0.03298158000162889,1,0,80,4,0.9523809523809523,1.0,0.975609756097561,1.0,0.2,0.3333333333333333,3,Gradient Boosting
0.9529411764705882,0.6937500000000001,0.6666666666666666,0.4,0.9875,0.5,0.4941219526240872,0.4769230769230769,0.8450000000000001,0.36498998998999,0.04732627339995211,2,1,79,3,0.9634146341463414,0.9875,0.9753086419753086,0.6666666666666666,0.4,0.5,4,Gradient Boosting
0.9404761904761905,0.5,0.0,0.0,1.0,0.0,0.0,0.0,0.8632911392405063,0.33772893772893775,0.052737768448959624,0,0,79,5,0.9404761904761905,1.0,0.9693251533742331,0.0,0.0,0.0,5,Gradient Boosting
0.9404761904761905,0.6125,0.3333333333333333,0.25,0.975,0.2857142857142857,0.25819888974716115,0.25531914893617025,0.875,0.3871212121212121,0.044792656481219786,1,2,78,3,0.9629629629629629,0.975,0.968944099378882,0.3333333333333333,0.25,0.2857142857142857,6,Gradient Boosting
0.9285714285714286,0.4875,0.0,0.0,0.975,0.0,-0.03492151478847891,-0.032786885245901676,0.928125,0.34318181818181814,0.04159379053030295,0,2,78,4,0.9512195121951219,0.975,0.9629629629629629,0.0,0.0,0.0,7,Gradient Boosting
0.9761904761904762,0.75,1.0,0.5,1.0,0.6666666666666666,0.6984302957695782,0.6557377049180328,0.990625,0.8928571428571428,0.01905679491754596,2,0,80,2,0.975609756097561,1.0,0.9876543209876543,1.0,0.5,0.6666666666666666,8,Gradient Boosting
0.9642857142857143,0.625,1.0,0.25,1.0,0.4,0.490880693673816,0.38834951456310685,0.96875,0.7333333333333334,0.02771580576341963,1,0,80,3,0.963855421686747,1.0,0.9815950920245399,1.0,0.25,0.4,9,Gradient Boosting
0.9294117647058824,0.5875,0.3333333333333333,0.2,0.975,0.25,0.2231518495721684,0.21538461538461529,0.8875000000000001,0.4527884615384616,0.050490301102399826,1,2,78,4,0.9512195121951219,0.975,0.9629629629629629,0.3333333333333333,0.2,0.25,0,XGBoost
0.9411764705882353,0.78125,0.5,0.6,0.9625,0.5454545454545454,0.5167296136964535,0.5142857142857143,0.95,0.4974891774891774,0.043955862522125244,3,3,77,2,0.9746835443037974,0.9625,0.9685534591194969,0.5,0.6,0.5454545454545454,1,XGBoost
0.9764705882352941,0.8,1.0,0.6,1.0,0.75,0.765092055676006,0.7384615384615385,0.98,0.8769230769230769,0.020625311881303787,3,0,80,2,0.975609756097561,1.0,0.9876543209876543,1.0,0.6,0.75,2,XGBoost
0.9529411764705882,0.6,1.0,0.2,1.0,0.3333333333333333,0.4364357804719848,0.32000000000000006,0.9824999999999999,0.7295238095238095,0.0363885834813118,1,0,80,4,0.9523809523809523,1.0,0.975609756097561,1.0,0.2,0.3333333333333333,3,XGBoost
0.9529411764705882,0.6937500000000001,0.6666666666666666,0.4,0.9875,0.5,0.4941219526240872,0.4769230769230769,0.93,0.47681159420289854,0.04040449112653732,2,1,79,3,0.9634146341463414,0.9875,0.9753086419753086,0.6666666666666666,0.4,0.5,4,XGBoost
0.9404761904761905,0.5,0.0,0.0,1.0,0.0,0.0,0.0,0.8734177215189874,0.31179271708683476,0.05218823254108429,0,0,79,5,0.9404761904761905,1.0,0.9693251533742331,0.0,0.0,0.0,5,XGBoost
0.9642857142857143,0.625,1.0,0.25,1.0,0.4,0.490880693673816,0.38834951456310685,0.8406250000000001,0.3775974025974026,0.0413057804107666,1,0,80,3,0.963855421686747,1.0,0.9815950920245399,1.0,0.25,0.4,6,XGBoost
0.9523809523809523,0.61875,0.5,0.25,0.9875,0.3333333333333333,0.33175439049054967,0.3114754098360656,0.9218749999999999,0.5538949275362319,0.033546239137649536,1,1,79,3,0.9634146341463414,0.9875,0.9753086419753086,0.5,0.25,0.3333333333333333,7,XGBoost
0.9880952380952381,0.875,1.0,0.75,1.0,0.8571428571428571,0.8606629658238705,0.851063829787234,1.0,1.0,0.01192963682115078,3,0,80,1,0.9876543209876543,1.0,0.9937888198757764,1.0,0.75,0.8571428571428571,8,XGBoost
0.9761904761904762,0.75,1.0,0.5,1.0,0.6666666666666666,0.6984302957695782,0.6557377049180328,0.9812500000000001,0.85,0.01939975842833519,2,0,80,2,0.975609756097561,1.0,0.9876543209876543,1.0,0.5,0.6666666666666666,9,XGBoost
