StudyHoursPerWeek,PDP
1.0,0.3401499324167773
1.5,0.31582993218678623
2.0,0.2921479034076839
2.5,0.26914423503123647
3.0,0.24686387029552292
3.5,0.22535984326872346
4.0,0.20469251172480504
4.5,0.18492568132915518
5.0,0.16612174318298156
5.5,0.14833765303499621
6.0,0.13162247032249283
6.5,0.11601606833396605
7.0,0.10154819388979427
7.5,0.08823736605370833
8.0,0.07608967842763853
8.5,0.06509788739178814
9.0,0.05524109852534212
9.5,0.04648512039405578
10.0,0.03878337460451478
10.5,0.03207820704533189
11.0,0.02630249748892147
11.5,0.021381543662674238
12.0,0.01723522900172976
12.5,0.013780430622511936
13.0,0.010933524199124139
13.5,0.008612782226973113
14.0,0.006740483662695384
14.5,0.005244618896933785
15.0,0.004060129001002926
15.5,0.003129650388998842
16.0,0.0024037679885498715
16.5,0.0018408247864234182
17.0,0.0014063811284573172
17.5,0.00107244381124575
18.0,0.0008165846897571102
18.5,0.0006210471644701412
19.0,0.00047190839484664035
19.5,0.00035833554310418493
20.0,0.0002719511863863729
20.5,0.00020630754055193132
21.0,0.00015646029178978103
21.5,0.00011862881372395211
22.0,8.992860526897422e-05
22.5,6.816256685336079e-05
23.0,5.1659327387166796e-05
23.5,3.9148686223478715e-05
24.0,2.9666038844885496e-05
