Metric,k removed,% removed,Removed (PREX order),PREX score,PREX drop,Random drop mean [95% CI],Δ drop (PREX − random),t,p (t-test),p (permutation),Cohen's d
ROC-AUC,1,8,Motivation (1–5),0.9466,0.0366,"0.0094 [-0.0028, 0.0773]",0.0272,-13.27,1.08e-23,0.1188,1.33
ROC-AUC,2,15,"Motivation (1–5), Study hours / week",0.784,0.1993,"0.0258 [-0.0048, 0.1214]",0.1735,-43.81,1.26e-66,0.0297,4.38
ROC-AUC,3,23,"Motivation (1–5), Study hours / week, Sleep hours / night",0.7436,0.2397,"0.0433 [-0.0044, 0.2110]",0.1963,-34.39,7.36e-57,0.0198,3.44
ROC-AUC,4,31,top 4,0.7219,0.2614,"0.0578 [-0.0044, 0.2396]",0.2036,-28.17,4.55e-49,0.0297,2.82
ROC-AUC,5,38,top 5,0.5002,0.483,"0.0851 [-0.0053, 0.3792]",0.3979,-43.03,6.83e-66,0.0198,4.3
ROC-AUC,6,46,top 6,0.4052,0.578,"0.1105 [0.0049, 0.4213]",0.4675,-47.54,5.52e-70,0.0099,4.75
ROC-AUC,8,62,top 8,0.3896,0.5937,"0.1946 [0.0191, 0.5227]",0.399,-27.24,8.73e-48,0.0099,2.72
ROC-AUC,10,77,top 10,0.2744,0.7088,"0.2849 [0.0428, 0.5973]",0.4239,-25.1,1.04e-44,0.0099,2.51
ROC-AUC,12,92,top 12,0.5583,0.4249,"0.4127 [0.0940, 0.7207]",0.0123,-0.77,4.43e-01,0.5644,0.08
Accuracy,1,8,Motivation (1–5),0.9477,0.022,"0.0071 [-0.0028, 0.0248]",0.0149,-17.55,3.74e-32,0.1188,1.75
Accuracy,2,15,"Motivation (1–5), Study hours / week",0.9449,0.0248,"0.0130 [-0.0028, 0.0248]",0.0118,-12.83,8.83e-23,0.1683,1.28
Accuracy,3,23,"Motivation (1–5), Study hours / week, Sleep hours / night",0.9421,0.0275,"0.0164 [0.0000, 0.0275]",0.0112,-12.33,1.02e-21,0.0693,1.23
Accuracy,4,31,top 4,0.9421,0.0275,"0.0187 [-0.0014, 0.0275]",0.0088,-10.73,2.77e-18,0.099,1.07
Accuracy,5,38,top 5,0.9449,0.0248,"0.0212 [0.0096, 0.0275]",0.0036,-6.47,3.72e-09,0.4752,0.65
Accuracy,6,46,top 6,0.9449,0.0248,"0.0224 [0.0123, 0.0275]",0.0024,-5.38,5.09e-07,0.5545,0.54
Accuracy,8,62,top 8,0.9449,0.0248,"0.0237 [0.0151, 0.0248]",0.0011,-4.15,7.06e-05,0.7822,0.41
Accuracy,10,77,top 10,0.9449,0.0248,"0.0245 [0.0220, 0.0248]",0.0002,-2.56,1.18e-02,0.9307,0.26
Accuracy,12,92,top 12,0.9449,0.0248,"0.0248 [0.0248, 0.0248]",-0.0,9.95,1.41e-16,1.0,-0.99
